Workbook

Sheet BM import
A1: Ghi chú: Dữ liệu bắt đầu nhập từ dòng số 3 + Các cột màu đỏ bắt buộc nhập + Dữ liệu vật tư cần nhập đúng theo danh mục
A2: STT | B2: Mã vật tư * | C2: Tên vật tư * | D2: Đơn giá * | E2: Số lượng tồn | F2: Số lượng tồn thực tế *
C3: =IF(B3="","",VLOOKUP(B3,Data!B:D,2,FALSE)) | D3: =IF(B3="","",VLOOKUP(B3,Data!B:D,3,FALSE)) | E3: =IF(B3="","",VLOOKUP(B3,Data!B:E,4,FALSE))
C4: =IF(B4="","",VLOOKUP(B4,Data!B:D,2,FALSE)) | D4: =IF(B4="","",VLOOKUP(B4,Data!B:D,3,FALSE)) | E4: =IF(B4="","",VLOOKUP(B4,Data!B:E,4,FALSE))
C5: =IF(B5="","",VLOOKUP(B5,Data!B:D,2,FALSE)) | D5: =IF(B5="","",VLOOKUP(B5,Data!B:D,3,FALSE)) | E5: =IF(B5="","",VLOOKUP(B5,Data!B:E,4,FALSE))
C6: =IF(B6="","",VLOOKUP(B6,Data!B:D,2,FALSE)) | D6: =IF(B6="","",VLOOKUP(B6,Data!B:D,3,FALSE)) | E6: =IF(B6="","",VLOOKUP(B6,Data!B:E,4,FALSE))
C7: =IF(B7="","",VLOOKUP(B7,Data!B:D,2,FALSE)) | D7: =IF(B7="","",VLOOKUP(B7,Data!B:D,3,FALSE)) | E7: =IF(B7="","",VLOOKUP(B7,Data!B:E,4,FALSE))
C8: =IF(B8="","",VLOOKUP(B8,Data!B:D,2,FALSE)) | D8: =IF(B8="","",VLOOKUP(B8,Data!B:D,3,FALSE)) | E8: =IF(B8="","",VLOOKUP(B8,Data!B:E,4,FALSE))
C9: =IF(B9="","",VLOOKUP(B9,Data!B:D,2,FALSE)) | D9: =IF(B9="","",VLOOKUP(B9,Data!B:D,3,FALSE)) | E9: =IF(B9="","",VLOOKUP(B9,Data!B:E,4,FALSE))
C10: =IF(B10="","",VLOOKUP(B10,Data!B:D,2,FALSE)) | D10: =IF(B10="","",VLOOKUP(B10,Data!B:D,3,FALSE)) | E10: =IF(B10="","",VLOOKUP(B10,Data!B:E,4,FALSE))
C11: =IF(B11="","",VLOOKUP(B11,Data!B:D,2,FALSE)) | D11: =IF(B11="","",VLOOKUP(B11,Data!B:D,3,FALSE)) | E11: =IF(B11="","",VLOOKUP(B11,Data!B:E,4,FALSE))
C12: =IF(B12="","",VLOOKUP(B12,Data!B:D,2,FALSE)) | D12: =IF(B12="","",VLOOKUP(B12,Data!B:D,3,FALSE)) | E12: =IF(B12="","",VLOOKUP(B12,Data!B:E,4,FALSE))
C13: =IF(B13="","",VLOOKUP(B13,Data!B:D,2,FALSE)) | D13: =IF(B13="","",VLOOKUP(B13,Data!B:D,3,FALSE)) | E13: =IF(B13="","",VLOOKUP(B13,Data!B:E,4,FALSE))
C14: =IF(B14="","",VLOOKUP(B14,Data!B:D,2,FALSE)) | D14: =IF(B14="","",VLOOKUP(B14,Data!B:D,3,FALSE)) | E14: =IF(B14="","",VLOOKUP(B14,Data!B:E,4,FALSE))
... C171: =IF(B171="","",VLOOKUP(B171,Data!B:D,2,FALSE)) | D171: =IF(B171="","",VLOOKUP(B171,Data!B:D,3,FALSE)) | E171: =IF(B171="","",VLOOKUP(B171,Data!B:E,4,FALSE))

Sheet Data
A1: STT | B1: Mã vật tư | C1: Tên vật tư | D1: Đơn giá | E1: Số lượng tồn
